{"count":4,"results":[{"id":1,"type":"standard","challenge_id":7,"content":"Search for Tomcat JSP.","cost":10,"requirements":null},{"id":2,"type":"standard","challenge_id":9,"content":"Look for suspicious usernames.","cost":10,"requirements":null},{"id":3,"type":"standard","challenge_id":10,"content":"Use Meterpreter to download the file to your machine, then extract the contents within the file to get the flag.","cost":10,"requirements":null},{"id":4,"type":"standard","challenge_id":3,"content":"`crt.sh`","cost":5,"requirements":null}],"meta":{}}