{"count":2,"results":[{"id":1,"oauth_id":null,"name":"jon","password":"$bcrypt-sha256$2b,12$BQBx.0hKbWuoeBANYEST9e$8If6Yv06Peihj3YdhwmSPq6Gt4MrSUC","email":"jon@jon.com","type":"admin","secret":null,"website":null,"affiliation":null,"country":null,"bracket":null,"hidden":true,"banned":false,"verified":false,"team_id":null,"created":"2022-01-07T14:26:00.129781"},{"id":2,"oauth_id":null,"name":"admin","password":"$bcrypt-sha256$2b,12$ggEL4ma0ST2gP68ZbfHe0O$aLTxTFrSwi3zBLstCAftKZvS2lRK3G6","email":"admin@admin.com","type":"admin","secret":null,"website":null,"affiliation":null,"country":null,"bracket":null,"hidden":false,"banned":false,"verified":false,"team_id":null,"created":"2022-07-05T17:51:25.209293"}],"meta":{}}