{"count":15,"results":[{"id":1,"challenge_id":1,"type":"static","content":"f76sdfkg6sjf","data":""},{"id":2,"challenge_id":2,"type":"static","content":"ksdnd99dkas","data":""},{"id":3,"challenge_id":3,"type":"static","content":"sd7fk1nctx","data":""},{"id":4,"challenge_id":4,"type":"static","content":"nckd97dk6sh2","data":""},{"id":5,"challenge_id":5,"type":"static","content":"mmssdi73g","data":""},{"id":6,"challenge_id":6,"type":"static","content":"ld8skd62hdd","data":""},{"id":7,"challenge_id":7,"type":"static","content":"bcs92sjsk233","data":""},{"id":8,"challenge_id":8,"type":"static","content":"87fsdkf6djf","data":""},{"id":9,"challenge_id":9,"type":"static","content":"dkkdudfkdy23","data":""},{"id":10,"challenge_id":10,"type":"static","content":"ksdnd99dkas","data":""},{"id":11,"challenge_id":11,"type":"static","content":"opshdkasy78s","data":""},{"id":12,"challenge_id":12,"type":"static","content":"hsk23oncsd","data":""},{"id":13,"challenge_id":13,"type":"static","content":"jdka7sk23dd","data":""},{"id":14,"challenge_id":14,"type":"static","content":"dks93jdlsd7dj","data":""},{"id":15,"challenge_id":15,"type":"static","content":"dksdf7sjd5sg","data":""}],"meta":{}}