{"count":21,"results":[{"id":4,"type":"standard","challenge_id":2,"content":"Input validation code is removing the case insensitive word \"script.\"","cost":20,"requirements":null},{"id":8,"type":"standard","challenge_id":4,"content":"Watch your head(er).","cost":20,"requirements":null},{"id":10,"type":"standard","challenge_id":6,"content":"Memory Planner : Choose your location.","cost":2,"requirements":null},{"id":11,"type":"standard","challenge_id":6,"content":"Input validation requires `.jpg` somewhere in the file name.","cost":20,"requirements":null},{"id":12,"type":"standard","challenge_id":7,"content":"Enter the payload in the second field on the user login page.","cost":3,"requirements":null},{"id":13,"type":"standard","challenge_id":7,"content":"Try lots of different SQL injection payloads. Check out this webpage for ideas: https://github.com/payloadbox/sql-injection-payload-list","cost":4,"requirements":null},{"id":14,"type":"standard","challenge_id":7,"content":"Try adding a blank space at the end of your payload!","cost":20,"requirements":null},{"id":16,"type":"standard","challenge_id":8,"content":"Highlight the page, or view the source code, and the answer may appear.","cost":15,"requirements":null},{"id":19,"type":"standard","challenge_id":10,"content":"Networking.php: DNS check","cost":2,"requirements":null},{"id":20,"type":"standard","challenge_id":10,"content":"View the contents of the `vendors.txt` file with your payload.","cost":15,"requirements":null},{"id":21,"type":"standard","challenge_id":11,"content":"MX record checker","cost":2,"requirements":null},{"id":22,"type":"standard","challenge_id":11,"content":"Access the `vendors.txt` file again. Now the input validation doesnt allow \";\" or \"&\", so try a different method.","cost":20,"requirements":null},{"id":23,"type":"standard","challenge_id":12,"content":"Also the admin login","cost":10,"requirements":null},{"id":24,"type":"standard","challenge_id":12,"content":"Flag 10 or 11 can help you find the user. Now brute force the password!","cost":25,"requirements":null},{"id":25,"type":"standard","challenge_id":13,"content":"Flag 9 will help you find this flag.","cost":30,"requirements":null},{"id":26,"type":"standard","challenge_id":13,"content":"Research and try different PHP injection payloads to find this flag.","cost":20,"requirements":null},{"id":27,"type":"standard","challenge_id":14,"content":"Finding Flag 12 will take you to the page where this Flag exists.","cost":5,"requirements":null},{"id":28,"type":"standard","challenge_id":14,"content":"Burp Repeater would work, but Burp Intruder would make it easier to run this around 100 times.","cost":30,"requirements":null},{"id":29,"type":"standard","challenge_id":15,"content":"On the disclaimer page.","cost":2,"requirements":null},{"id":30,"type":"standard","challenge_id":15,"content":"Use Flag 10 Exploit to find the hidden directory.","cost":15,"requirements":null},{"id":31,"type":"standard","challenge_id":15,"content":"Check out the file extension and change it as needed.","cost":10,"requirements":null}],"meta":{}}