{"count":4,"results":[{"id":1,"user_id":2,"team_id":2,"name":"Hint 3","description":"Hint for Flag 10","date":"2022-03-02T20:42:58.307765","value":-10,"category":"hints","icon":null,"requirements":null,"type":"standard"},{"id":2,"user_id":2,"team_id":2,"name":"Hint 4","description":"Hint for Metasploit","date":"2022-03-14T14:30:25.656956","value":-2,"category":"hints","icon":null,"requirements":null,"type":"standard"},{"id":3,"user_id":2,"team_id":2,"name":"Hint 8","description":"Hint for User Enumeration pt.2","date":"2022-03-14T18:39:00.642213","value":-2,"category":"hints","icon":null,"requirements":null,"type":"standard"},{"id":4,"user_id":2,"team_id":2,"name":"Hint 10","description":"Hint for Compromising Admin","date":"2022-03-22T16:14:59.923605","value":-2,"category":"hints","icon":null,"requirements":null,"type":"standard"}],"meta":{}}