{"count":10,"results":[{"id":1,"name":"Flag 1: OSINT","description":"* Using OSINT, search for GitHub repositories belonging to **totalrekall**.\r\n\r\n* Search the repository for user credentials. The flag is a user's cracked password. ","max_attempts":0,"value":10,"category":"Reconnasiance","type":"standard","state":"visible","requirements":null,"connection_info":null},{"id":2,"name":"Flag 2: HTTP Enumeration","description":"* The Windows network has a subnet of 172.22.117.0/24.\r\n* The flag is in a file within a website on the internal network.\r\n* Use the credentials that you found in Flag 1 to access this flag.","max_attempts":0,"value":30,"category":"Reconnasiance","type":"standard","state":"visible","requirements":null,"connection_info":null},{"id":3,"name":"Flag 3: FTP Enumeration","description":"* Utilize FTP to access the file containing the flag.\r\n\r\n* **Free Hint**: Run an \"agressive\" scan to determine a method for accessing this file.","max_attempts":0,"value":40,"category":"Reconnasiance","type":"standard","state":"visible","requirements":null,"connection_info":null},{"id":4,"name":"Flag 4: Metasploit","description":"* Find a machine that is running the SLMail service.\r\n\r\n* Determine an exploit to run using Metasploit. Don't forget to set your LHOST to the IP address of your local machine within the same subnet!\r\n\r\n* Once you have exploited the machine, look for `flag4.txt`.","max_attempts":0,"value":60,"category":"Exploitation","type":"standard","state":"visible","requirements":null,"connection_info":null},{"id":5,"name":"Flag 5: Common Tasks","description":"* You just gained access to Win10.\r\n\r\n* What task should you consider doing first, in case you lose access to the machine?\r\n\r\n* **Free Hint**: Consider evaluating unnecessary scheduled tasks.","max_attempts":0,"value":50,"category":"Post-Exploitation","type":"standard","state":"visible","requirements":null,"connection_info":null},{"id":6,"name":"Flag 6: User Enumeration","description":"* Continue exploiting the same machine.\r\n\r\n* The flag is the plaintext password of a specific user.","max_attempts":0,"value":30,"category":"Post-Exploitation","type":"standard","state":"visible","requirements":null,"connection_info":null},{"id":7,"name":"Flag 7: File Enumeration","description":"* Continue on the same machine.\r\n* Sometimes the answer is in \"public,\" plain sight.","max_attempts":0,"value":20,"category":"Post-Exploitation","type":"standard","state":"visible","requirements":null,"connection_info":null},{"id":8,"name":"Flag 8: User Enumeration pt.2","description":"* Using credentials you found on the Win10 machine, laterally move to WinDC.\r\n\r\n* Look for accounts on the new machine.","max_attempts":0,"value":30,"category":"Post-Exploitation","type":"standard","state":"visible","requirements":null,"connection_info":null},{"id":9,"name":"Flag 9: Escalating Access","description":"* Continue to enumerate the new machine, and you will be rewarded with this flag in the heart of its file system.","max_attempts":0,"value":30,"category":"Lateral Movement","type":"standard","state":"visible","requirements":null,"connection_info":null},{"id":10,"name":"Flag 10: Compromising Admin","description":"* The password hash of the user `Administrator`.\r\n* **Free Hint**: Look at Day 3's lessons to determine a method.","max_attempts":0,"value":100,"category":"Post-Exploitation","type":"standard","state":"visible","requirements":null,"connection_info":null}],"meta":{}}