{"count":10,"results":[{"id":1,"challenge_id":1,"type":"static","content":"Tanya4life","data":""},{"id":2,"challenge_id":2,"type":"static","content":"4d7b349705784a518bc876bc2ed6d4f6","data":""},{"id":3,"challenge_id":3,"type":"static","content":"89cb548970d44f348bb63622353ae278","data":""},{"id":4,"challenge_id":4,"type":"static","content":"822e3434a10440ad9cc086197819b49d","data":""},{"id":5,"challenge_id":5,"type":"static","content":"54fa8cd5c1354adc9214969d716673f5","data":""},{"id":6,"challenge_id":6,"type":"static","content":"Computer!","data":""},{"id":7,"challenge_id":7,"type":"static","content":"6fd73e3a2c2740328d57ef32557c2fdc","data":""},{"id":8,"challenge_id":8,"type":"static","content":"ad12fc2ffc1e47","data":""},{"id":9,"challenge_id":9,"type":"static","content":"f7356e02f44c4fe7bf5374ff9bcbf872","data":""},{"id":10,"challenge_id":10,"type":"static","content":"4f0cfd309a1965906fd2ec39dd23d582","data":""}],"meta":{}}