{"count":10,"results":[{"id":1,"type":"standard","challenge_id":1,"content":"Check the totalrekall GitHub repo here: https://github.com/totalrekall","cost":2,"requirements":null},{"id":2,"type":"standard","challenge_id":2,"content":"Check your port scan for any IP with port 80 open, and try the credentials that you cracked from GitHub in Flag 1.","cost":8,"requirements":null},{"id":3,"type":"standard","challenge_id":3,"content":"Google \"anonymous access FTP.\"","cost":5,"requirements":null},{"id":4,"type":"standard","challenge_id":4,"content":"SLMail is exploitable via Metasploit. The flag is in the immediate directory once your shell opens.","cost":5,"requirements":null},{"id":5,"type":"standard","challenge_id":5,"content":"Review the section on scheduled tasks.","cost":8,"requirements":null},{"id":6,"type":"standard","challenge_id":6,"content":"When dumping LSASS, make sure to check for local users and domain user credentials!","cost":8,"requirements":null},{"id":7,"type":"standard","challenge_id":7,"content":"A series of folders under `C:\\Users` are always public.","cost":2,"requirements":null},{"id":8,"type":"standard","challenge_id":8,"content":"`lsadump::cache`","cost":2,"requirements":null},{"id":9,"type":"standard","challenge_id":9,"content":"When performing file enumeration, always start at `C:\\` or `/root`.","cost":2,"requirements":null},{"id":10,"type":"standard","challenge_id":10,"content":"DCSync the `Administrator` user. The flag is the hash itself; you will probably not crack the hash.","cost":15,"requirements":null}],"meta":{}}