{"count":10,"results":[{"id":1,"challenge_id":1,"user_id":2,"team_id":2},{"id":2,"challenge_id":2,"user_id":2,"team_id":2},{"id":3,"challenge_id":3,"user_id":2,"team_id":2},{"id":8,"challenge_id":7,"user_id":2,"team_id":2},{"id":10,"challenge_id":6,"user_id":2,"team_id":2},{"id":11,"challenge_id":5,"user_id":2,"team_id":2},{"id":12,"challenge_id":4,"user_id":2,"team_id":2},{"id":20,"challenge_id":9,"user_id":2,"team_id":2},{"id":24,"challenge_id":10,"user_id":2,"team_id":2},{"id":28,"challenge_id":8,"user_id":2,"team_id":2}],"meta":{}}