{"count":7,"results":[{"id":1,"type":null,"ip":"169.254.130.1","user_id":1,"date":"2022-03-24T19:44:05.894999"},{"id":2,"type":null,"ip":"169.254.130.1","user_id":2,"date":"2022-03-16T19:31:51.339821"},{"id":3,"type":null,"ip":"169.254.130.1","user_id":3,"date":"2022-02-28T15:46:41.545466"},{"id":4,"type":null,"ip":"169.254.130.1","user_id":4,"date":"2022-02-25T20:44:14.385806"},{"id":5,"type":null,"ip":"169.254.129.1","user_id":2,"date":"2022-03-30T13:52:07.024129"},{"id":6,"type":null,"ip":"169.254.129.1","user_id":1,"date":"2022-03-30T14:44:43.590142"},{"id":7,"type":null,"ip":"169.254.130.1","user_id":5,"date":"2022-03-24T15:38:43.416038"}],"meta":{}}