{"count":5,"results":[{"id":1,"oauth_id":null,"name":"jon","password":"$bcrypt-sha256$2b,12$BQBx.0hKbWuoeBANYEST9e$8If6Yv06Peihj3YdhwmSPq6Gt4MrSUC","email":"jon@jon.com","type":"admin","secret":null,"website":null,"affiliation":null,"country":null,"bracket":null,"hidden":true,"banned":false,"verified":false,"team_id":1,"created":"2022-01-07T14:26:00.129781"},{"id":2,"oauth_id":null,"name":"student","password":"$bcrypt-sha256$2b,12$9hEN.MMr26r7iDkDNU4pnO$Dm6qs0/unX18/OWruOZLCv1txfzjTKm","email":"rbodnar@2u.com","type":"user","secret":null,"website":null,"affiliation":null,"country":null,"bracket":null,"hidden":false,"banned":false,"verified":false,"team_id":2,"created":"2022-02-24T15:08:16.210792"},{"id":3,"oauth_id":null,"name":"jon1","password":"$bcrypt-sha256$2b,12$SM3JK3etdk4RlRcxeFPoDe$7Hcsnf2IGhmIsIxKy2Z9qdbMX8DHA7y","email":"jon1@jon.com","type":"user","secret":null,"website":null,"affiliation":null,"country":null,"bracket":null,"hidden":false,"banned":false,"verified":false,"team_id":3,"created":"2022-02-24T15:55:40.139186"},{"id":4,"oauth_id":null,"name":"test1","password":"$bcrypt-sha256$2b,12$KDhQ5QuQh23ZuKcg9Xouru$g.yqt5KSG5OvaaBpMmQxqzkGMqGQ5/W","email":"test1@test.com","type":"user","secret":null,"website":null,"affiliation":null,"country":null,"bracket":null,"hidden":false,"banned":false,"verified":false,"team_id":4,"created":"2022-02-24T15:58:44.152957"},{"id":5,"oauth_id":null,"name":"elotito","password":"$bcrypt-sha256$2b,12$2nSmrSaoK2yOP.39kmTqqu$Nhgax096Onpqn55Ap.uWMouW..G5VaO","email":"elotito@2u.com","type":"user","secret":null,"website":null,"affiliation":null,"country":null,"bracket":null,"hidden":false,"banned":false,"verified":false,"team_id":5,"created":"2022-03-24T15:38:21.471440"}],"meta":{}}