{"count":2,"results":[{"id":1,"oauth_id":null,"name":"jon","password":"$bcrypt-sha256$2b,12$BQBx.0hKbWuoeBANYEST9e$8If6Yv06Peihj3YdhwmSPq6Gt4MrSUC","email":"jon@jon.com","type":"admin","secret":null,"website":null,"affiliation":null,"country":null,"bracket":null,"hidden":true,"banned":false,"verified":false,"team_id":1,"created":"2022-01-07T14:26:00.129781"},{"id":2,"oauth_id":null,"name":"admin","password":"$bcrypt-sha256$2b,12$ktooQeclVuMn0REW.Bxbu.$wrCe8yfW2cC.ICYB08s5cSBh9aOZ33m","email":"admin@admin.com","type":"admin","secret":null,"website":null,"affiliation":null,"country":null,"bracket":null,"hidden":false,"banned":false,"verified":false,"team_id":null,"created":"2022-07-05T18:02:42.326500"}],"meta":{}}