{"count":4,"results":[{"id":1,"oauth_id":null,"name":"abc","email":null,"password":"$bcrypt-sha256$2b,12$9VyhpYWzh.ipbvQnmYTxRe$1FkCZW/h3vcLJKVtLFKanqSRymQkLkO","secret":null,"website":null,"affiliation":null,"country":null,"bracket":null,"hidden":false,"banned":false,"created":"2022-02-03T20:29:02.425680","captain_id":1},{"id":2,"oauth_id":null,"name":"student","email":null,"password":"$bcrypt-sha256$2b,12$FF/DRZis.LS2UPsnGn0w8u$/Ycb6TdeIJkEPm42y8Eaf4Xl0rktj1C","secret":null,"website":null,"affiliation":null,"country":null,"bracket":null,"hidden":false,"banned":false,"created":"2022-02-24T15:08:33.983559","captain_id":2},{"id":3,"oauth_id":null,"name":"jon1","email":null,"password":"$bcrypt-sha256$2b,12$mx7.617foQVK/xMDbw4Oze$OrGz9WH6JrtQmdKBfP78sHHbcDYkGpW","secret":null,"website":null,"affiliation":null,"country":null,"bracket":null,"hidden":false,"banned":false,"created":"2022-02-24T15:55:54.180821","captain_id":3},{"id":4,"oauth_id":null,"name":"TEST TEAM","email":null,"password":"$bcrypt-sha256$2b,12$N/KJ3choR.bXEKfgvBKtRu$3s6AH1M316OgL5HqJw9LS8.8fJmqlhq","secret":null,"website":null,"affiliation":null,"country":null,"bracket":null,"hidden":false,"banned":false,"created":"2022-02-24T15:59:59.394308","captain_id":4}],"meta":{}}