{"count":15,"results":[{"id":1,"name":"Flag 1","description":"On the Welcome.php page, enter a reflected XSS payload where it says \"Put Your Name Here.\" The successful payload will make a pop up appear. When you close out the pop-up, Flag 1 will appear!","max_attempts":0,"value":30,"category":"Easy","type":"standard","state":"visible","requirements":null,"connection_info":null},{"id":2,"name":"Flag 2","description":"On the Memory-Planner.php webpage, the flag will appear if you enter an XSS payload in the \"Choose Your Character\" field to make a pop-up.\r\n\r\n**Note**: Input validation makes this one more challenging. ","max_attempts":0,"value":40,"category":"Intermediate","type":"standard","state":"visible","requirements":null,"connection_info":null},{"id":3,"name":"Flag 3","description":"Access the Comments.php page and make a pop-up appear to find Flag 3.","max_attempts":0,"value":30,"category":"Easy","type":"standard","state":"visible","requirements":null,"connection_info":null},{"id":4,"name":"Flag 4","description":"**Vulnerability**: Sensitive data exposure.","max_attempts":0,"value":50,"category":"Advanced","type":"standard","state":"visible","requirements":null,"connection_info":null},{"id":5,"name":"Flag 5","description":"In the second field on the Memory-Planner.php page, conduct a local file inclusion (LFI) exploit by loading the file to access this flag.","max_attempts":0,"value":30,"category":"Easy","type":"standard","state":"visible","requirements":null,"connection_info":null},{"id":6,"name":"Flag 6","description":"**Vulnerability**: LFI (advanced)\r\n\r\nLoad the file to access the flag.","max_attempts":0,"value":40,"category":"Intermediate","type":"standard","state":"visible","requirements":null,"connection_info":null},{"id":7,"name":"Flag 7","description":"**Vulnerability**: SQL injection (on the Login.php page)","max_attempts":0,"value":60,"category":"Advanced","type":"standard","state":"visible","requirements":null,"connection_info":null},{"id":8,"name":"Flag 8","description":"This flag is on the Login.php page.\r\n\r\n**Free Hint**: HTML","max_attempts":0,"value":30,"category":"Easy","type":"standard","state":"visible","requirements":null,"connection_info":null},{"id":9,"name":"Flag 9","description":"**Vulnerability**: Sensitive data exposure\r\n\r\n**Free Hint**: Standard used by websites to communicate with web crawlers and other web robots.","max_attempts":0,"value":30,"category":"Easy","type":"standard","state":"visible","requirements":null,"connection_info":null},{"id":10,"name":"Flag 10","description":"**Vulnerability**: Command injection","max_attempts":0,"value":30,"category":"Easy","type":"standard","state":"visible","requirements":null,"connection_info":null},{"id":11,"name":"Flag 11","description":"**Vulnerability**: Command injection (advanced)","max_attempts":0,"value":40,"category":"Intermediate","type":"standard","state":"visible","requirements":null,"connection_info":null},{"id":12,"name":"Flag 12","description":"**Vulnerability**: Brute force attacks","max_attempts":0,"value":50,"category":"Advanced","type":"standard","state":"visible","requirements":null,"connection_info":null},{"id":13,"name":"Flag 13","description":"**Vulnerability**: PHP injection","max_attempts":0,"value":80,"category":"Expert","type":"standard","state":"visible","requirements":null,"connection_info":null},{"id":14,"name":"Flag 14","description":"**Vulnerability**: Session management","max_attempts":0,"value":60,"category":"Advanced","type":"standard","state":"visible","requirements":null,"connection_info":null},{"id":15,"name":"Flag 15","description":"**Vulnerability**: Directory traversal","max_attempts":0,"value":50,"category":"Advanced","type":"standard","state":"visible","requirements":null,"connection_info":null}],"meta":{}}