{"count":2,"results":[{"id":1,"oauth_id":null,"name":"jon","password":"$bcrypt-sha256$2b,12$BQBx.0hKbWuoeBANYEST9e$8If6Yv06Peihj3YdhwmSPq6Gt4MrSUC","email":"jon@jon.com","type":"admin","secret":null,"website":null,"affiliation":null,"country":null,"bracket":null,"hidden":true,"banned":false,"verified":false,"team_id":null,"created":"2022-01-07T14:26:00.129781"},{"id":2,"oauth_id":null,"name":"admin","password":"$bcrypt-sha256$2b,12$tQuYZ1QkjE.qAYm5vVZaju$Nwonnf9seizpVQe73.U7UUDjQoCVRlS","email":"rbodnar@2u.com","type":"admin","secret":null,"website":null,"affiliation":null,"country":null,"bracket":null,"hidden":true,"banned":false,"verified":false,"team_id":1,"created":"2022-03-29T17:43:52.790398"}],"meta":{}}